experiment_id,clip_name,freeze_backbone,learning_rate,weight_decay,batch_size,dropout,hidden_size,scheduler_type,epochs,best_epoch,train_loss,train_macro_f1,train_bal_acc,train_recall,val_loss,val_macro_f1,val_bal_acc,val_recall
1,ViT-B/32,TRUE,0.001,0.0001,8,0.1,128,none,10,10,0.337059535,0.872786867,0.872995019,0.872995019,0.908838669,0.708867569,0.711111111,0.711111111
2,ViT-B/32,TRUE,0.001,0.0001,8,0.1,128,onecycle,10,10,0.260066663,0.901763011,0.901737306,0.901737306,0.854830722,0.71561431,0.716959064,0.716959064
3,ViT-B/32,TRUE,0.001,0.0001,8,0.1,128,cosine,10,10,0.248791406,0.9054518,0.905605254,0.905605254,0.946230096,0.709042412,0.711111111,0.711111111
4,ViT-B/32,TRUE,0.001,5.00E-05,8,0.1,128,none,10,10,0.350224337,0.867310948,0.867442578,0.867442578,0.928224392,0.707238382,0.70877193,0.70877193
5,ViT-B/32,TRUE,0.001,5.00E-05,8,0.1,128,onecycle,10,10,0.252768793,0.905114328,0.905274642,0.905274642,0.916902778,0.676514733,0.688888889,0.688888889
6,ViT-B/32,TRUE,0.001,5.00E-05,8,0.1,128,cosine,10,10,0.246106918,0.907029795,0.906961966,0.906961966,0.98010448,0.703282592,0.70994152,0.70994152
7,ViT-B/32,TRUE,0.001,0.0001,8,0.1,256,none,10,10,0.321692048,0.880076667,0.880060912,0.880060912,0.940619611,0.708303422,0.714619883,0.714619883
8,ViT-B/32,TRUE,0.001,0.0001,8,0.1,256,onecycle,10,10,0.221299286,0.913477238,0.913346105,0.913346105,0.954176708,0.703908026,0.70994152,0.70994152
9,ViT-B/32,TRUE,0.001,0.0001,8,0.1,256,cosine,10,10,0.215077802,0.91904351,0.918922049,0.918922049,1.032446083,0.703527878,0.707602339,0.707602339
10,ViT-B/32,TRUE,0.001,5.00E-05,8,0.1,256,none,10,10,0.329227755,0.875713077,0.875859662,0.875859662,0.949455095,0.69642077,0.704093567,0.704093567
11,ViT-B/32,TRUE,0.001,5.00E-05,8,0.1,256,onecycle,10,10,0.223430649,0.917575863,0.917551319,0.917551319,0.942592052,0.705651589,0.706432749,0.706432749
12,ViT-B/32,TRUE,0.001,5.00E-05,8,0.1,256,cosine,10,10,0.216639254,0.920013279,0.920078412,0.920078412,1.021031434,0.695658987,0.701754386,0.701754386
13,ViT-B/32,TRUE,0.001,0.0001,8,0.1,512,none,10,10,0.322501636,0.881795731,0.882056194,0.882056194,0.994569286,0.697818066,0.706432749,0.706432749
14,ViT-B/32,TRUE,0.001,0.0001,8,0.1,512,onecycle,10,10,0.202234263,0.927346226,0.927310956,0.927310956,0.976669658,0.718568872,0.722807018,0.722807018
15,ViT-B/32,TRUE,0.001,0.0001,8,0.1,512,cosine,10,10,0.18966397,0.931163698,0.931188108,0.931188108,1.134640019,0.6872211,0.693567251,0.693567251
16,ViT-B/32,TRUE,0.001,5.00E-05,8,0.1,512,none,10,10,0.326207843,0.878655912,0.878861789,0.878861789,0.996375557,0.677424183,0.680701754,0.680701754
17,ViT-B/32,TRUE,0.001,5.00E-05,8,0.1,512,onecycle,10,10,0.190052414,0.932887929,0.932867078,0.932867078,1.011151198,0.700574641,0.705263158,0.705263158
18,ViT-B/32,TRUE,0.001,5.00E-05,8,0.1,512,cosine,10,10,0.187792801,0.929760237,0.929842156,0.929842156,1.05937335,0.70763509,0.712280702,0.712280702
19,ViT-B/32,TRUE,0.001,0.0001,8,0.3,128,none,10,10,0.447799209,0.835521186,0.83612166,0.83612166,0.81043289,0.706158742,0.706432749,0.706432749
20,ViT-B/32,TRUE,0.001,0.0001,8,0.3,128,onecycle,10,10,0.381624712,0.856568986,0.856683176,0.856683176,0.772870493,0.701011114,0.707602339,0.707602339
21,ViT-B/32,TRUE,0.001,0.0001,8,0.3,128,cosine,10,10,0.390748609,0.850659318,0.851295121,0.851295121,0.787873691,0.713922994,0.719298246,0.719298246
22,ViT-B/32,TRUE,0.001,5.00E-05,8,0.3,128,none,10,10,0.462075818,0.825543489,0.826364996,0.826364996,0.794575463,0.702361728,0.706432749,0.706432749
23,ViT-B/32,TRUE,0.001,5.00E-05,8,0.3,128,onecycle,10,10,0.38678986,0.843948962,0.844205724,0.844205724,0.727602572,0.712412793,0.715789474,0.715789474
24,ViT-B/32,TRUE,0.001,5.00E-05,8,0.3,128,cosine,10,10,0.370151224,0.854479081,0.855124698,0.855124698,0.802641783,0.711634822,0.718128655,0.718128655
25,ViT-B/32,TRUE,0.001,0.0001,8,0.3,256,none,10,10,0.415404495,0.84791807,0.848104539,0.848104539,0.912302895,0.693407918,0.704093567,0.704093567
26,ViT-B/32,TRUE,0.001,0.0001,8,0.3,256,onecycle,10,10,0.32467211,0.876298369,0.876532779,0.876532779,0.869170784,0.708073571,0.712280702,0.712280702
27,ViT-B/32,TRUE,0.001,0.0001,8,0.3,256,cosine,10,10,0.30684231,0.883698639,0.883765324,0.883765324,0.967253643,0.699728583,0.702923977,0.702923977
28,ViT-B/32,TRUE,0.001,5.00E-05,8,0.3,256,none,10,10,0.421275463,0.844700071,0.845071404,0.845071404,0.931067037,0.698805817,0.701754386,0.701754386
29,ViT-B/32,TRUE,0.001,5.00E-05,8,0.3,256,onecycle,10,10,0.312095811,0.885450034,0.885750411,0.885750411,0.831025819,0.70609924,0.707602339,0.707602339
30,ViT-B/32,TRUE,0.001,5.00E-05,8,0.3,256,cosine,10,10,0.312184914,0.880103002,0.88053906,0.88053906,0.904272025,0.704200417,0.706432749,0.706432749
31,ViT-B/32,TRUE,0.001,0.0001,8,0.3,512,none,10,10,0.388612881,0.852945201,0.853110584,0.853110584,0.92784303,0.702646597,0.707602339,0.707602339
32,ViT-B/32,TRUE,0.001,0.0001,8,0.3,512,onecycle,10,10,0.273197469,0.896448155,0.896550167,0.896550167,0.858678458,0.709577516,0.712280702,0.712280702
33,ViT-B/32,TRUE,0.001,0.0001,8,0.3,512,cosine,10,10,0.270590076,0.898776977,0.898905228,0.898905228,0.991119196,0.701330689,0.704093567,0.704093567
34,ViT-B/32,TRUE,0.001,5.00E-05,8,0.3,512,none,10,10,0.398656247,0.850453771,0.850754673,0.850754673,0.875888289,0.720261717,0.725146199,0.725146199
35,ViT-B/32,TRUE,0.001,5.00E-05,8,0.3,512,onecycle,10,10,0.284072381,0.895664846,0.895691991,0.895691991,0.888163432,0.713261666,0.718128655,0.718128655
36,ViT-B/32,TRUE,0.001,5.00E-05,8,0.3,512,cosine,10,10,0.273077068,0.892495896,0.89248102,0.89248102,0.988310438,0.692537256,0.699415205,0.699415205
37,ViT-B/32,TRUE,0.001,0.0001,8,0.5,128,none,10,10,0.588266232,0.760226962,0.762598369,0.762598369,0.676836932,0.717012399,0.721637427,0.721637427
38,ViT-B/32,TRUE,0.001,0.0001,8,0.5,128,onecycle,10,10,0.547836328,0.777783669,0.780430603,0.780430603,0.671050674,0.726569706,0.732163743,0.732163743
39,ViT-B/32,TRUE,0.001,0.0001,8,0.5,128,cosine,10,10,0.526103035,0.794443905,0.795395219,0.795395219,0.676735996,0.724149347,0.72748538,0.72748538
40,ViT-B/32,TRUE,0.001,5.00E-05,8,0.5,128,none,10,10,0.58168026,0.764568232,0.765667468,0.765667468,0.714051404,0.71305013,0.721637427,0.721637427
41,ViT-B/32,TRUE,0.001,5.00E-05,8,0.5,128,onecycle,10,10,0.566020429,0.781079777,0.782786939,0.782786939,0.688721079,0.718045424,0.722807018,0.722807018
42,ViT-B/32,TRUE,0.001,5.00E-05,8,0.5,128,cosine,10,10,0.538009068,0.788228995,0.789867274,0.789867274,0.723427548,0.711035769,0.715789474,0.715789474
43,ViT-B/32,TRUE,0.001,0.0001,8,0.5,256,none,10,10,0.541173547,0.786660673,0.788388794,0.788388794,0.726921932,0.718672771,0.722807018,0.722807018
44,ViT-B/32,TRUE,0.001,0.0001,8,0.5,256,onecycle,10,10,0.444775877,0.819287955,0.819845497,0.819845497,0.693935835,0.720164743,0.719298246,0.719298246
45,ViT-B/32,TRUE,0.001,0.0001,8,0.5,256,cosine,10,10,0.464527228,0.815328559,0.815800279,0.815800279,0.73147269,0.711195119,0.719298246,0.719298246
46,ViT-B/32,TRUE,0.001,5.00E-05,8,0.5,256,none,10,10,0.549126679,0.785829886,0.786669329,0.786669329,0.706813601,0.71485436,0.712280702,0.712280702
47,ViT-B/32,TRUE,0.001,5.00E-05,8,0.5,256,onecycle,10,10,0.458548951,0.818001324,0.818836246,0.818836246,0.711713134,0.713779155,0.721637427,0.721637427
48,ViT-B/32,TRUE,0.001,5.00E-05,8,0.5,256,cosine,10,10,0.463553077,0.818837604,0.819341155,0.819341155,0.760185898,0.713078883,0.715789474,0.715789474
49,ViT-B/32,TRUE,0.001,0.0001,8,0.5,512,none,10,10,0.523722858,0.797950833,0.798471114,0.798471114,0.751188169,0.699670949,0.699415205,0.699415205
50,ViT-B/32,TRUE,0.001,0.0001,8,0.5,512,onecycle,10,10,0.406410404,0.840621684,0.841336125,0.841336125,0.781113535,0.698700146,0.704093567,0.704093567
51,ViT-B/32,TRUE,0.001,0.0001,8,0.5,512,cosine,10,10,0.405963902,0.850401337,0.850762461,0.850762461,0.867920632,0.701066759,0.702923977,0.702923977
52,ViT-B/32,TRUE,0.001,5.00E-05,8,0.5,512,none,10,10,0.527037993,0.791530306,0.792425517,0.792425517,0.795202456,0.706099462,0.714619883,0.714619883
53,ViT-B/32,TRUE,0.001,5.00E-05,8,0.5,512,onecycle,10,10,0.405246363,0.84327394,0.843724886,0.843724886,0.758445371,0.706530642,0.70877193,0.70877193
54,ViT-B/32,TRUE,0.001,5.00E-05,8,0.5,512,cosine,10,10,0.392409831,0.852863326,0.852983295,0.852983295,0.808218866,0.705219156,0.706432749,0.706432749
55,ViT-B/32,TRUE,0.001,0.0001,16,0.1,128,none,10,10,0.185994039,0.927540158,0.927577252,0.927577252,1.066454749,0.678404282,0.683040936,0.683040936
56,ViT-B/32,TRUE,0.001,0.0001,16,0.1,128,onecycle,10,10,0.120783824,0.95969503,0.959726925,0.959726925,1.109761868,0.701070911,0.706432749,0.706432749
57,ViT-B/32,TRUE,0.001,0.0001,16,0.1,128,cosine,10,10,0.114904273,0.957709286,0.957698277,0.957698277,1.312467138,0.706566367,0.712280702,0.712280702
58,ViT-B/32,TRUE,0.001,5.00E-05,16,0.1,128,none,10,10,0.199153219,0.924172267,0.924227065,0.924227065,1.102754148,0.704700148,0.713450292,0.713450292
59,ViT-B/32,TRUE,0.001,5.00E-05,16,0.1,128,onecycle,10,10,0.119973071,0.956517022,0.95652078,0.95652078,1.113993754,0.70597718,0.711111111,0.711111111
60,ViT-B/32,TRUE,0.001,5.00E-05,16,0.1,128,cosine,10,10,0.110273138,0.96006327,0.960078421,0.960078421,1.076695821,0.708134139,0.712280702,0.712280702
61,ViT-B/32,TRUE,0.001,0.0001,16,0.1,256,none,10,10,0.167632205,0.934819901,0.934813735,0.934813735,1.170436907,0.670639048,0.677192982,0.677192982
62,ViT-B/32,TRUE,0.001,0.0001,16,0.1,256,onecycle,10,10,0.087411627,0.968318344,0.968322455,0.968322455,1.137406841,0.692639686,0.698245614,0.698245614
63,ViT-B/32,TRUE,0.001,0.0001,16,0.1,256,cosine,10,10,0.080575603,0.969683644,0.969689594,0.969689594,1.334729945,0.69147497,0.700584795,0.700584795
64,ViT-B/32,TRUE,0.001,5.00E-05,16,0.1,256,none,10,10,0.174882733,0.932595108,0.932576564,0.932576564,1.06461707,0.715651419,0.718128655,0.718128655
65,ViT-B/32,TRUE,0.001,5.00E-05,16,0.1,256,onecycle,10,10,0.087390654,0.970039292,0.97001607,0.97001607,1.293090202,0.694833543,0.701754386,0.701754386
66,ViT-B/32,TRUE,0.001,5.00E-05,16,0.1,256,cosine,10,10,0.084521148,0.969149474,0.969161405,0.969161405,1.289347352,0.687560259,0.692397661,0.692397661
67,ViT-B/32,TRUE,0.001,0.0001,16,0.1,512,none,10,10,0.182526726,0.932391697,0.932439105,0.932439105,1.282050546,0.690995061,0.697076023,0.697076023
68,ViT-B/32,TRUE,0.001,0.0001,16,0.1,512,onecycle,10,10,0.070528874,0.97623745,0.976242628,0.976242628,1.224308719,0.699227794,0.706432749,0.706432749
69,ViT-B/32,TRUE,0.001,0.0001,16,0.1,512,cosine,10,10,0.0750267,0.974555807,0.974562523,0.974562523,1.305981195,0.685866007,0.692397661,0.692397661
70,ViT-B/32,TRUE,0.001,5.00E-05,16,0.1,512,none,10,10,0.184006505,0.931695584,0.931783859,0.931783859,1.269856774,0.694144188,0.707602339,0.707602339
71,ViT-B/32,TRUE,0.001,5.00E-05,16,0.1,512,onecycle,10,10,0.076507722,0.972892725,0.972895896,0.972895896,1.253953815,0.69987392,0.707602339,0.707602339
72,ViT-B/32,TRUE,0.001,5.00E-05,16,0.1,512,cosine,10,10,0.07544796,0.971359175,0.971363168,0.971363168,1.440186677,0.688536515,0.694736842,0.694736842
73,ViT-B/32,TRUE,0.001,0.0001,16,0.3,128,none,10,10,0.303825667,0.879688615,0.879924909,0.879924909,0.932452591,0.693489548,0.698245614,0.698245614
74,ViT-B/32,TRUE,0.001,0.0001,16,0.3,128,onecycle,10,10,0.235092688,0.912168249,0.912262998,0.912262998,0.842255322,0.705452511,0.707602339,0.707602339
75,ViT-B/32,TRUE,0.001,0.0001,16,0.3,128,cosine,10,10,0.224970763,0.916096274,0.916314967,0.916314967,0.980135907,0.717065025,0.721637427,0.721637427
76,ViT-B/32,TRUE,0.001,5.00E-05,16,0.3,128,none,10,10,0.286020327,0.885194253,0.885544239,0.885544239,0.816961001,0.71454461,0.716959064,0.716959064
77,ViT-B/32,TRUE,0.001,5.00E-05,16,0.3,128,onecycle,10,10,0.230855527,0.912979244,0.912966736,0.912966736,0.888271337,0.723357402,0.726315789,0.726315789
78,ViT-B/32,TRUE,0.001,5.00E-05,16,0.3,128,cosine,10,10,0.222677006,0.913753609,0.91391738,0.91391738,0.920311618,0.710911891,0.715789474,0.715789474
79,ViT-B/32,TRUE,0.001,0.0001,16,0.3,256,none,10,10,0.269463377,0.897138766,0.897399644,0.897399644,0.976628412,0.697872483,0.706432749,0.706432749
80,ViT-B/32,TRUE,0.001,0.0001,16,0.3,256,onecycle,10,10,0.176547612,0.934185224,0.934124104,0.934124104,1.023427327,0.688142069,0.693567251,0.693567251
81,ViT-B/32,TRUE,0.001,0.0001,16,0.3,256,cosine,10,10,0.173896446,0.938275453,0.938312837,0.938312837,1.028927714,0.699236876,0.704093567,0.704093567
82,ViT-B/32,TRUE,0.001,5.00E-05,16,0.3,256,none,10,10,0.259151407,0.901777594,0.901908148,0.901908148,1.024161368,0.70834054,0.70994152,0.70994152
83,ViT-B/32,TRUE,0.001,5.00E-05,16,0.3,256,onecycle,10,10,0.16813531,0.940190648,0.940159565,0.940159565,1.058610719,0.702526266,0.70994152,0.70994152
84,ViT-B/32,TRUE,0.001,5.00E-05,16,0.3,256,cosine,10,10,0.172970951,0.934257095,0.934299821,0.934299821,1.035404095,0.699258507,0.702923977,0.702923977
85,ViT-B/32,TRUE,0.001,0.0001,16,0.3,512,none,10,10,0.242320611,0.904919985,0.904847832,0.904847832,1.130805213,0.686075681,0.692397661,0.692397661
86,ViT-B/32,TRUE,0.001,0.0001,16,0.3,512,onecycle,10,10,0.144073326,0.948940231,0.948982209,0.948982209,1.044193063,0.703592661,0.706432749,0.706432749
87,ViT-B/32,TRUE,0.001,0.0001,16,0.3,512,cosine,10,10,0.123170996,0.953194312,0.953173645,0.953173645,1.10030471,0.705010021,0.711111111,0.711111111
88,ViT-B/32,TRUE,0.001,5.00E-05,16,0.3,512,none,10,10,0.258137916,0.904242157,0.904324588,0.904324588,1.1092635,0.695513761,0.702923977,0.702923977
89,ViT-B/32,TRUE,0.001,5.00E-05,16,0.3,512,onecycle,10,10,0.147305851,0.948381425,0.948429301,0.948429301,0.993286483,0.720312143,0.723976608,0.723976608
90,ViT-B/32,TRUE,0.001,5.00E-05,16,0.3,512,cosine,10,10,0.131732081,0.952948248,0.953021196,0.953021196,1.15644799,0.705029695,0.706432749,0.706432749
91,ViT-B/32,TRUE,0.001,0.0001,16,0.5,128,none,10,10,0.447159751,0.824062004,0.824916012,0.824916012,0.827344333,0.691916915,0.700584795,0.700584795
92,ViT-B/32,TRUE,0.001,0.0001,16,0.5,128,onecycle,10,10,0.391975874,0.841326298,0.841647015,0.841647015,0.689125565,0.730015298,0.730994152,0.730994152
93,ViT-B/32,TRUE,0.001,0.0001,16,0.5,128,cosine,10,10,0.382503082,0.852699442,0.853361895,0.853361895,0.747444777,0.716566144,0.719298246,0.719298246
94,ViT-B/32,TRUE,0.001,5.00E-05,16,0.5,128,none,10,10,0.433632831,0.82422268,0.825164362,0.825164362,0.758829392,0.714645475,0.721637427,0.721637427
95,ViT-B/32,TRUE,0.001,5.00E-05,16,0.5,128,onecycle,10,10,0.41162752,0.837584579,0.838278176,0.838278176,0.728024774,0.725438735,0.728654971,0.728654971
96,ViT-B/32,TRUE,0.001,5.00E-05,16,0.5,128,cosine,10,10,0.376068501,0.850000366,0.850554609,0.850554609,0.746692192,0.724231224,0.729824561,0.729824561
97,ViT-B/32,TRUE,0.001,0.0001,16,0.5,256,none,10,10,0.378407725,0.850111687,0.850619075,0.850619075,0.820184359,0.724381022,0.730994152,0.730994152
98,ViT-B/32,TRUE,0.001,0.0001,16,0.5,256,onecycle,10,10,0.315145214,0.875860126,0.876338026,0.876338026,0.73781889,0.722145615,0.726315789,0.726315789
99,ViT-B/32,TRUE,0.001,0.0001,16,0.5,256,cosine,10,10,0.313942033,0.87603554,0.875991672,0.875991672,0.811269603,0.70461151,0.70994152,0.70994152
100,ViT-L/14,TRUE,0.001,0.0001,4,0.1,128,none,10,10,0.586220571,0.799225711,0.799625778,0.799625778,0.641282906,0.730123293,0.729824561,0.729824561
101,ViT-L/14,TRUE,0.001,0.0001,4,0.1,128,onecycle,10,10,0.475116156,0.828466871,0.828711845,0.828711845,0.667843335,0.745916884,0.743859649,0.743859649
102,ViT-L/14,TRUE,0.001,0.0001,4,0.1,128,cosine,10,10,0.468544856,0.838214699,0.838639125,0.838639125,0.687070197,0.743711328,0.747368421,0.747368421
103,ViT-L/14,TRUE,0.001,5.00E-05,4,0.1,128,none,10,10,0.576681486,0.799162786,0.799960496,0.799960496,0.667880765,0.736501153,0.742690058,0.742690058
104,ViT-L/14,TRUE,0.001,5.00E-05,4,0.1,128,onecycle,10,10,0.48129269,0.826410001,0.826542124,0.826542124,0.639445682,0.756086327,0.760233918,0.760233918
105,ViT-L/14,TRUE,0.001,5.00E-05,4,0.1,128,cosine,10,10,0.454647311,0.833501408,0.833799022,0.833799022,0.725516442,0.728187012,0.736842105,0.736842105
106,ViT-L/14,TRUE,0.001,0.0001,4,0.1,256,none,10,10,0.577991189,0.807510883,0.807859645,0.807859645,0.70941824,0.722713538,0.729824561,0.729824561
107,ViT-L/14,TRUE,0.001,0.0001,4,0.1,256,onecycle,10,10,0.436900207,0.849879081,0.84992071,0.84992071,0.706135632,0.746089787,0.748538012,0.748538012
108,ViT-L/14,TRUE,0.001,0.0001,4,0.1,256,cosine,10,10,0.417859213,0.846127081,0.846585281,0.846585281,0.761484404,0.734475384,0.742690058,0.742690058
109,ViT-L/14,TRUE,0.001,5.00E-05,4,0.1,256,none,10,10,0.552067632,0.816333718,0.816475804,0.816475804,0.711415801,0.734929497,0.738011696,0.738011696
110,ViT-L/14,TRUE,0.001,0.0001,4,0.3,512,none,10,10,0.575968317,0.799984775,0.800951483,0.800951483,0.71873346,0.713939932,0.720467836,0.720467836
111,ViT-L/14,TRUE,0.001,0.0001,4,0.3,512,onecycle,10,10,0.464692984,0.835038327,0.835289678,0.835289678,0.693866284,0.746060789,0.752046784,0.752046784
112,ViT-L/14,TRUE,0.001,0.0001,4,0.3,512,cosine,10,10,0.478510339,0.834698303,0.834941651,0.834941651,0.782123217,0.733819293,0.739181287,0.739181287
113,ViT-L/14,TRUE,0.001,5.00E-05,4,0.3,512,none,10,10,0.625335712,0.790182039,0.790690335,0.790690335,0.683721552,0.743503519,0.753216374,0.753216374
114,ViT-L/14,TRUE,0.001,5.00E-05,4,0.3,512,onecycle,10,10,0.472422498,0.836192408,0.836664515,0.836664515,0.656664102,0.733167714,0.740350877,0.740350877
115,ViT-L/14,TRUE,0.001,5.00E-05,4,0.3,512,cosine,10,10,0.47515172,0.83758421,0.83781394,0.83781394,0.707644603,0.739793752,0.742690058,0.742690058
116,ViT-L/14,TRUE,0.0005,0.0001,4,0.3,512,none,10,10,0.584627485,0.806242409,0.806858747,0.806858747,0.809478151,0.708014669,0.715789474,0.715789474
117,ViT-L/14,TRUE,0.0005,0.0001,4,0.3,512,onecycle,10,10,0.491351405,0.829608483,0.829569029,0.829569029,0.67207815,0.748095506,0.750877193,0.750877193
118,RN50,TRUE,0.001,0.0001,4,0.3,256,none,10,10,1.385703311,0.4162788,0.421473071,0.421473071,1.408305769,0.343181559,0.375438596,0.375438596
119,RN50,TRUE,0.001,0.0001,4,0.3,256,onecycle,10,10,1.354296997,0.423603911,0.430008807,0.430008807,1.435611652,0.322013693,0.349707602,0.349707602
120,RN50,TRUE,0.001,0.0001,4,0.3,256,cosine,10,10,1.325419531,0.445168012,0.449851189,0.449851189,1.378860141,0.371002887,0.402339181,0.402339181
121,RN50,TRUE,0.001,5.00E-05,4,0.3,256,none,10,10,1.398898897,0.408040428,0.413190073,0.413190073,1.413372776,0.354666011,0.38128655,0.38128655
122,RN50,TRUE,0.001,5.00E-05,4,0.3,256,onecycle,10,10,1.349828784,0.426810926,0.433422818,0.433422818,1.418802947,0.352237639,0.396491228,0.396491228
123,RN50,TRUE,0.001,5.00E-05,4,0.3,256,cosine,10,10,1.355052888,0.435569925,0.44025169,0.44025169,1.342904309,0.400331297,0.424561404,0.424561404
124,RN50,TRUE,0.001,0.0001,4,0.3,512,none,10,10,1.36113745,0.431338547,0.436282222,0.436282222,1.393237484,0.356358387,0.394152047,0.394152047
125,RN50,TRUE,0.001,0.0001,4,0.3,512,onecycle,10,10,1.319976656,0.449968347,0.453895275,0.453895275,1.418420526,0.345666593,0.374269006,0.374269006
126,RN50,TRUE,0.001,0.0001,4,0.3,512,cosine,10,10,1.313263614,0.460357542,0.465385421,0.465385421,1.449200484,0.368992931,0.383625731,0.383625731
127,RN50,TRUE,0.001,5.00E-05,4,0.3,512,none,10,10,1.383418999,0.417220895,0.422096491,0.422096491,1.394980678,0.350896411,0.383625731,0.383625731
128,RN50,TRUE,0.001,5.00E-05,4,0.3,512,onecycle,10,10,1.310503077,0.46732544,0.471714482,0.471714482,1.392655762,0.374197406,0.403508772,0.403508772
129,RN50,TRUE,0.001,5.00E-05,4,0.3,512,cosine,10,10,1.319929373,0.455885626,0.459455644,0.459455644,1.482067109,0.335453091,0.36374269,0.36374269
130,RN50,TRUE,0.001,0.0001,4,0.5,256,none,10,10,1.462477077,0.359346874,0.36641492,0.36641492,1.408508735,0.338603017,0.376608187,0.376608187
131,RN50,TRUE,0.001,0.0001,4,0.5,256,onecycle,10,10,1.427532407,0.368828097,0.378017348,0.378017348,1.426362226,0.355259593,0.378947368,0.378947368
132,RN50,TRUE,0.001,0.0001,4,0.5,256,cosine,10,10,1.425291647,0.381456396,0.390458694,0.390458694,1.386183022,0.340428184,0.367251462,0.367251462
133,RN50,TRUE,0.001,5.00E-05,4,0.5,256,none,10,10,1.470498489,0.363742019,0.370274939,0.370274939,1.413715763,0.325548665,0.373099415,0.373099415
134,RN50,TRUE,0.001,5.00E-05,4,0.5,256,onecycle,10,10,1.451577234,0.362737076,0.371624147,0.371624147,1.454679301,0.302618001,0.34502924,0.34502924
135,RN50,TRUE,0.001,5.00E-05,4,0.5,256,cosine,10,10,1.432785352,0.379131967,0.386266364,0.386266364,1.400719318,0.341351204,0.38245614,0.38245614
136,RN50,TRUE,0.001,0.0001,4,0.5,512,none,10,10,1.441754788,0.378297953,0.384919846,0.384919846,1.406449678,0.357522497,0.380116959,0.380116959
137,RN50,TRUE,0.001,0.0001,4,0.5,512,onecycle,10,10,1.398841465,0.408081916,0.413343415,0.413343415,1.432040572,0.346175897,0.367251462,0.367251462
138,RN50,TRUE,0.001,0.0001,4,0.5,512,cosine,10,10,1.3900944,0.402713605,0.410162035,0.410162035,1.460106964,0.321696434,0.36374269,0.36374269
139,RN50,TRUE,0.001,5.00E-05,4,0.5,512,none,10,10,1.451981275,0.373557337,0.377853811,0.377853811,1.402661887,0.348250996,0.389473684,0.389473684
140,RN50,TRUE,0.001,5.00E-05,4,0.5,512,onecycle,10,10,1.40058922,0.394522824,0.400732727,0.400732727,1.414360388,0.350183831,0.385964912,0.385964912
141,RN50,TRUE,0.001,5.00E-05,4,0.5,512,cosine,10,10,1.39320727,0.411136972,0.416597712,0.416597712,1.425303624,0.336119158,0.370760234,0.370760234
142,RN50,TRUE,0.001,0.0001,6,0.3,256,none,10,10,1.178696861,0.519991834,0.52356865,0.52356865,1.329375528,0.408459032,0.422222222,0.422222222
143,RN50,TRUE,0.001,0.0001,6,0.3,256,onecycle,10,10,1.118586387,0.547658407,0.553020944,0.553020944,1.371521707,0.380517584,0.409356725,0.409356725
144,RN50,TRUE,0.001,0.0001,6,0.3,256,cosine,10,10,1.114258382,0.547425792,0.551794923,0.551794923,1.372799809,0.414941273,0.431578947,0.431578947
145,RN50,TRUE,0.001,5.00E-05,6,0.3,256,none,10,10,1.194483734,0.515471571,0.519897366,0.519897366,1.417839289,0.416615827,0.429239766,0.429239766
146,RN50,TRUE,0.001,5.00E-05,6,0.3,256,onecycle,10,10,1.122154828,0.538892001,0.542592593,0.542592593,1.373559861,0.415812157,0.43625731,0.43625731
147,RN50,TRUE,0.001,5.00E-05,6,0.3,256,cosine,10,10,1.10331253,0.55206719,0.555715395,0.555715395,1.368392215,0.394616286,0.415204678,0.415204678
148,RN50,TRUE,0.001,0.0001,6,0.3,512,none,10,10,1.14179821,0.541581538,0.544565757,0.544565757,1.475510291,0.379724489,0.388304094,0.388304094
149,RN50,TRUE,0.001,0.0001,6,0.3,512,onecycle,10,10,1.059120552,0.570851099,0.573775259,0.573775259,1.422046885,0.390415007,0.405847953,0.405847953
150,RN50,TRUE,0.001,0.0001,6,0.3,512,cosine,10,10,1.057404059,0.581144236,0.583926445,0.583926445,1.377880777,0.421408067,0.432748538,0.432748538
151,RN50,TRUE,0.001,5.00E-05,6,0.3,512,none,10,10,1.14497032,0.536916682,0.540200862,0.540200862,1.410642086,0.408297491,0.428070175,0.428070175
152,RN50,TRUE,0.001,5.00E-05,6,0.3,512,onecycle,10,10,1.065275338,0.571680534,0.575063777,0.575063777,1.425478085,0.405090458,0.419883041,0.419883041
153,RN50,TRUE,0.001,5.00E-05,6,0.3,512,cosine,10,10,1.057144455,0.58265502,0.584910735,0.584910735,1.458894339,0.382938859,0.4,0.4
154,RN50,TRUE,0.001,0.0001,6,0.5,256,none,10,10,1.297934765,0.452944616,0.459732256,0.459732256,1.396592938,0.359452349,0.387134503,0.387134503
155,RN50,TRUE,0.001,0.0001,6,0.5,256,onecycle,10,10,1.26770127,0.471021646,0.476248864,0.476248864,1.408855743,0.347051638,0.380116959,0.380116959
156,RN50,TRUE,0.001,0.0001,6,0.5,256,cosine,10,10,1.25147802,0.481509817,0.488147891,0.488147891,1.394833535,0.368168017,0.396491228,0.396491228
157,RN50,TRUE,0.001,5.00E-05,6,0.5,256,none,10,10,1.305130687,0.458739632,0.464683486,0.464683486,1.374539604,0.401084451,0.41754386,0.41754386
158,RN50,TRUE,0.001,5.00E-05,6,0.5,256,onecycle,10,10,1.250889118,0.48145659,0.487119896,0.487119896,1.402997367,0.332147398,0.366081871,0.366081871
159,RN50,TRUE,0.001,5.00E-05,6,0.5,256,cosine,10,10,1.246785042,0.477480242,0.484000535,0.484000535,1.375932434,0.366930828,0.394152047,0.394152047
160,RN50,TRUE,0.001,0.0001,6,0.5,512,none,10,10,1.248537661,0.479106082,0.483817041,0.483817041,1.420143432,0.381006298,0.4,0.4
161,RN50,TRUE,0.001,0.0001,6,0.5,512,onecycle,10,10,1.204995516,0.505776252,0.510633379,0.510633379,1.430549703,0.354454304,0.378947368,0.378947368
162,RN50,TRUE,0.001,0.0001,6,0.5,512,cosine,10,10,1.18567074,0.523486836,0.526962092,0.526962092,1.374110538,0.404058414,0.423391813,0.423391813
163,RN50,TRUE,0.001,5.00E-05,6,0.5,512,none,10,10,1.256473961,0.48004778,0.48535124,0.48535124,1.418407688,0.393497567,0.402339181,0.402339181
164,RN50,TRUE,0.001,5.00E-05,6,0.5,512,onecycle,10,10,1.193057304,0.511225729,0.516304732,0.516304732,1.414880385,0.370639844,0.392982456,0.392982456
165,RN50,TRUE,0.001,5.00E-05,6,0.5,512,cosine,10,10,1.181178801,0.525602492,0.530821232,0.530821232,1.379607953,0.382329825,0.398830409,0.398830409
166,RN50,TRUE,0.0003,0.0001,4,0.3,256,none,10,10,1.369291521,0.422605457,0.426975389,0.426975389,1.372340445,0.38532029,0.397660819,0.397660819
167,RN50,TRUE,0.0003,0.0001,4,0.3,256,onecycle,10,10,1.364842632,0.428382891,0.433203496,0.433203496,1.43354825,0.344425998,0.367251462,0.367251462
168,RN50,TRUE,0.0003,0.0001,4,0.3,256,cosine,10,10,1.32405656,0.449680566,0.455295314,0.455295314,1.385018767,0.362414007,0.396491228,0.396491228
169,RN50,TRUE,0.0003,5.00E-05,4,0.3,256,none,10,10,1.351828257,0.435628688,0.439918671,0.439918671,1.372380603,0.380565099,0.398830409,0.398830409
170,RN50,TRUE,0.0003,5.00E-05,4,0.3,256,onecycle,10,10,1.341101756,0.430383182,0.437630298,0.437630298,1.391896661,0.374182179,0.395321637,0.395321637
